A1,A2,A3,A4,A5,A6,A7,A8,A9,A10,A11,A12,A13,A14,Class
v1,v1,v1,v1,v7,v4,v1,v0,v0,v2,v1,v1,v0,v0,c0
v1,v0,v0,v1,v12,v3,v1,v0,v0,v2,v1,v1,v1,v1,c0
v0,v1,v1,v1,v12,v3,v1,v0,v0,v2,v0,v1,v1,v1,c0
v1,v1,v1,v1,v13,v3,v1,v0,v0,v2,v1,v1,v0,v1,c0
v1,v1,v1,v0,v12,v3,v0,v0,v0,v2,v1,v1,v0,v1,c0
v1,v1,v1,v1,v13,v3,v0,v0,v0,v2,v0,v1,v0,v1,c0
v1,v1,v0,v0,v7,v4,v0,v0,v0,v2,v1,v1,v0,v1,c0
v0,v1,v1,v1,v10,v3,v1,v0,v0,v2,v0,v1,v0,v1,c0
v0,v1,v0,v1,v0,v0,v1,v0,v0,v2,v0,v1,v0,v0,c0
v0,v1,v1,v0,v4,v3,v0,v0,v0,v2,v1,v1,v0,v1,c0
v1,v1,v1,v1,v6,v3,v1,v0,v0,v2,v1,v1,v1,v1,c0
v1,v0,v1,v1,v6,v3,v1,v0,v0,v2,v0,v1,v0,v1,c0
v1,v1,v1,v1,v7,v3,v1,v0,v0,v2,v1,v1,v0,v1,c0
v0,v1,v0,v1,v2,v3,v1,v0,v1,v0,v1,v1,v1,v1,c0
v0,v1,v1,v0,v8,v3,v0,v0,v0,v2,v1,v1,v0,v1,c0
v1,v1,v1,v1,v12,v3,v1,v0,v0,v2,v0,v1,v0,v1,c0
v1,v1,v1,v1,v6,v3,v1,v0,v0,v2,v1,v1,v0,v1,c0
v1,v1,v1,v1,v4,v6,v0,v0,v0,v2,v1,v0,v0,v1,c0
v1,v1,v1,v1,v7,v4,v1,v0,v0,v2,v0,v1,v0,v1,c0
v0,v1,v1,v0,v12,v3,v0,v0,v0,v2,v1,v1,v1,v1,c0
v1,v1,v0,v0,v8,v3,v1,v0,v0,v2,v0,v1,v0,v1,c0
v0,v1,v0,v0,v0,v0,v1,v0,v0,v2,v0,v1,v1,v1,c0
v1,v0,v0,v1,v0,v0,v1,v0,v1,v0,v0,v1,v1,v1,c0
v1,v1,v1,v1,v13,v3,v0,v1,v0,v2,v1,v1,v0,v1,c0
v1,v1,v0,v0,v9,v3,v1,v0,v0,v2,v0,v1,v0,v1,c0
v0,v1,v0,v0,v5,v6,v1,v0,v0,v2,v1,v1,v0,v1,c0
v1,v1,v1,v1,v7,v6,v1,v0,v0,v2,v1,v1,v0,v1,c0
v1,v1,v1,v1,v7,v6,v1,v0,v0,v2,v1,v1,v0,v1,c0
v1,v1,v0,v1,v12,v3,v0,v0,v1,v0,v1,v1,v0,v1,c0
v1,v1,v1,v1,v0,v0,v0,v0,v0,v2,v0,v1,v0,v1,c0
v0,v0,v0,v1,v8,v6,v1,v0,v0,v2,v1,v0,v0,v1,c0
v1,v0,v0,v1,v7,v4,v1,v0,v0,v2,v0,v1,v0,v1,c0
v1,v1,v1,v0,v7,v3,v1,v0,v0,v2,v1,v1,v0,v1,c0
v1,v1,v1,v0,v12,v6,v1,v0,v0,v2,v0,v1,v0,v1,c0
v1,v1,v1,v1,v8,v3,v1,v0,v0,v2,v0,v1,v0,v1,c0
v1,v1,v1,v1,v7,v4,v0,v0,v0,v2,v1,v1,v0,v1,c0
v1,v0,v1,v0,v5,v6,v0,v1,v0,v2,v1,v1,v0,v1,c0
v1,v1,v1,v1,v11,v3,v0,v0,v0,v2,v0,v0,v1,v1,c0
v1,v1,v1,v0,v7,v6,v0,v1,v1,v0,v1,v1,v1,v1,c0
v1,v1,v0,v0,v12,v3,v0,v0,v0,v2,v1,v1,v1,v1,c0
v1,v0,v1,v1,v12,v3,v0,v1,v0,v2,v1,v1,v0,v1,c0
v0,v1,v0,v1,v7,v6,v1,v0,v0,v2,v0,v1,v1,v1,c0
v1,v1,v1,v1,v2,v3,v0,v0,v0,v2,v0,v1,v0,v1,c0
v1,v1,v1,v1,v11,v3,v1,v1,v0,v2,v0,v0,v0,v1,c0
v1,v1,v0,v1,v2,v3,v1,v1,v1,v0,v0,v1,v0,v1,c0
v1,v1,v0,v1,v13,v3,v1,v0,v0,v2,v0,v1,v0,v0,c0
v1,v1,v1,v0,v7,v3,v1,v0,v0,v2,v1,v1,v0,v0,c0
v1,v1,v0,v0,v0,v0,v1,v0,v1,v0,v0,v1,v0,v1,c0
v1,v1,v1,v1,v12,v3,v0,v0,v1,v0,v1,v1,v0,v1,c0
v1,v1,v1,v1,v7,v4,v0,v0,v0,v2,v1,v0,v0,v1,c0
v0,v1,v1,v1,v7,v3,v1,v0,v0,v2,v0,v1,v0,v1,c0
v1,v1,v1,v1,v1,v3,v1,v0,v0,v2,v0,v1,v0,v1,c0
v1,v1,v1,v1,v11,v3,v1,v0,v0,v2,v0,v0,v1,v1,c0
v0,v1,v1,v0,v0,v0,v0,v0,v0,v2,v0,v1,v0,v1,c0
v0,v1,v0,v1,v10,v3,v0,v0,v1,v1,v1,v1,v1,v1,c0
v0,v0,v1,v1,v7,v5,v1,v0,v0,v2,v0,v1,v1,v1,c0
v1,v1,v0,v1,v10,v3,v1,v1,v0,v2,v1,v1,v0,v1,c0
v1,v1,v1,v1,v12,v3,v1,v0,v0,v2,v1,v0,v1,v1,c0
v1,v1,v1,v1,v8,v3,v1,v0,v1,v1,v0,v0,v1,v1,c0
v1,v1,v1,v1,v11,v3,v1,v1,v0,v2,v1,v0,v0,v1,c0
v0,v1,v0,v1,v8,v6,v1,v0,v0,v2,v0,v1,v0,v1,c0
v1,v0,v0,v1,v0,v0,v1,v1,v1,v0,v0,v1,v1,v1,c0
v0,v1,v0,v1,v12,v3,v1,v0,v0,v2,v0,v1,v0,v1,c0
v0,v1,v1,v1,v10,v6,v0,v1,v0,v2,v0,v1,v0,v1,c0
v1,v1,v0,v1,v12,v6,v0,v0,v0,v2,v0,v1,v0,v1,c0
v1,v1,v1,v0,v3,v5,v1,v0,v0,v2,v1,v1,v0,v1,c0
v0,v1,v1,v1,v9,v2,v1,v0,v0,v2,v1,v1,v0,v1,c0
v0,v1,v1,v1,v0,v0,v1,v0,v0,v2,v0,v1,v1,v1,c0
v1,v1,v0,v1,v12,v4,v1,v0,v1,v0,v1,v1,v0,v1,c0
v1,v1,v1,v0,v12,v3,v0,v0,v0,v2,v1,v1,v0,v1,c0
v0,v1,v1,v1,v0,v0,v1,v0,v1,v0,v0,v1,v1,v1,c0
v0,v1,v1,v1,v2,v3,v1,v1,v1,v0,v1,v1,v0,v0,c0
v1,v1,v0,v1,v8,v3,v0,v1,v1,v0,v1,v1,v0,v1,c0
v1,v0,v1,v1,v11,v3,v0,v0,v1,v0,v1,v1,v0,v1,c0
v1,v1,v0,v1,v12,v3,v1,v1,v0,v2,v0,v1,v0,v1,c0
v0,v1,v0,v1,v0,v0,v1,v0,v0,v2,v0,v1,v1,v1,c0
v1,v1,v1,v1,v5,v6,v0,v1,v0,v2,v1,v1,v0,v1,c0
v0,v1,v1,v1,v11,v6,v1,v0,v1,v0,v1,v1,v0,v1,c0
v1,v1,v0,v1,v0,v0,v1,v0,v0,v2,v0,v1,v1,v1,c0
v0,v1,v1,v1,v11,v3,v0,v1,v0,v2,v0,v0,v0,v1,c0
v1,v0,v1,v1,v7,v4,v1,v1,v0,v2,v0,v1,v1,v1,c0
v0,v1,v0,v0,v0,v0,v0,v0,v1,v0,v1,v1,v0,v1,c0
v1,v1,v0,v1,v2,v3,v0,v0,v0,v2,v0,v1,v0,v1,c0
v1,v1,v1,v0,v11,v3,v1,v0,v0,v2,v1,v0,v1,v1,c0
v0,v1,v1,v1,v2,v3,v1,v0,v0,v2,v0,v1,v0,v1,c0
v1,v0,v1,v1,v11,v3,v1,v1,v0,v2,v0,v0,v0,v1,c0
v0,v1,v0,v1,v7,v3,v1,v0,v0,v2,v0,v1,v0,v0,c0
v1,v1,v1,v1,v2,v3,v1,v0,v0,v2,v0,v1,v0,v1,c0
v1,v1,v0,v1,v12,v3,v0,v0,v0,v2,v0,v0,v1,v1,c0
v1,v1,v0,v1,v10,v3,v1,v0,v0,v2,v1,v1,v1,v1,c0
v1,v1,v0,v1,v12,v3,v1,v0,v0,v2,v0,v0,v1,v1,c0
v1,v1,v1,v1,v10,v3,v1,v1,v0,v2,v1,v1,v0,v1,c0
v1,v1,v1,v1,v11,v3,v1,v0,v0,v2,v1,v0,v0,v1,c0
v1,v1,v1,v0,v2,v6,v0,v0,v1,v0,v1,v1,v0,v1,c0
v1,v1,v0,v1,v11,v3,v0,v0,v1,v0,v1,v1,v0,v1,c0
v1,v0,v1,v0,v13,v3,v1,v0,v0,v2,v0,v1,v1,v1,c0
v0,v1,v0,v1,v0,v0,v1,v0,v0,v2,v0,v1,v0,v1,c0
v0,v1,v1,v1,v13,v6,v1,v0,v1,v1,v0,v1,v1,v1,c0
v1,v1,v1,v1,v8,v3,v1,v0,v1,v0,v1,v1,v0,v1,c0
v1,v1,v0,v1,v7,v4,v1,v0,v0,v2,v1,v1,v0,v1,c0
v1,v1,v1,v1,v6,v3,v1,v0,v0,v2,v1,v0,v1,v1,c0
v0,v1,v1,v1,v2,v3,v0,v1,v1,v0,v0,v1,v0,v1,c0
v1,v0,v0,v0,v6,v3,v0,v1,v0,v2,v0,v0,v1,v1,c0
v1,v1,v1,v1,v7,v3,v0,v0,v1,v0,v1,v1,v0,v1,c0
v1,v1,v1,v1,v13,v3,v0,v0,v0,v2,v0,v1,v0,v1,c0
v1,v0,v1,v0,v0,v0,v0,v0,v0,v2,v0,v1,v0,v1,c0
v1,v1,v0,v1,v7,v3,v1,v0,v0,v2,v0,v1,v1,v1,c0
v1,v1,v1,v1,v0,v0,v1,v0,v0,v2,v1,v1,v0,v0,c0
v0,v1,v1,v1,v0,v0,v1,v1,v0,v2,v0,v1,v1,v1,c0
v1,v1,v1,v1,v12,v3,v1,v0,v0,v2,v0,v1,v0,v1,c0
v0,v1,v1,v1,v0,v0,v1,v0,v1,v1,v0,v1,v0,v1,c0
v1,v1,v1,v0,v12,v3,v1,v0,v1,v0,v0,v1,v0,v1,c0
v1,v1,v0,v1,v12,v3,v0,v0,v0,v2,v1,v1,v0,v1,c0
v0,v1,v1,v1,v13,v3,v1,v0,v0,v2,v1,v1,v0,v1,c0
v1,v0,v0,v0,v12,v6,v0,v1,v0,v2,v0,v1,v0,v1,c0
v1,v0,v0,v0,v0,v0,v1,v1,v0,v2,v1,v1,v1,v1,c0
v1,v1,v1,v1,v13,v4,v1,v1,v0,v2,v1,v1,v0,v1,c0
v1,v1,v0,v1,v4,v3,v1,v0,v0,v2,v0,v1,v1,v1,c0
v1,v1,v1,v1,v0,v0,v1,v0,v0,v2,v0,v1,v1,v0,c0
v1,v1,v1,v1,v12,v3,v1,v0,v0,v2,v0,v1,v0,v1,c0
v0,v1,v1,v0,v10,v3,v0,v0,v0,v2,v0,v1,v0,v1,c0
v1,v1,v1,v1,v7,v3,v1,v0,v0,v2,v1,v1,v0,v1,c0
v0,v0,v0,v0,v8,v3,v1,v0,v1,v0,v0,v1,v0,v1,c0
v1,v1,v1,v0,v11,v3,v1,v0,v0,v2,v0,v1,v1,v1,c0
v1,v1,v1,v1,v4,v4,v1,v0,v0,v2,v0,v1,v0,v1,c0
v1,v1,v1,v1,v12,v3,v1,v0,v0,v2,v0,v1,v0,v1,c0
v0,v1,v1,v1,v12,v3,v0,v0,v1,v0,v1,v1,v1,v1,c0
v1,v1,v1,v1,v2,v3,v1,v0,v1,v1,v0,v1,v0,v1,c0
v1,v1,v0,v0,v11,v3,v0,v0,v0,v2,v1,v1,v1,v0,c0
v1,v1,v1,v1,v8,v3,v1,v0,v0,v2,v1,v1,v0,v1,c0
v1,v1,v0,v0,v8,v6,v0,v0,v0,v2,v1,v1,v1,v1,c0
v0,v1,v1,v0,v10,v3,v1,v1,v0,v2,v1,v1,v0,v1,c0
v1,v0,v1,v1,v8,v3,v1,v1,v0,v2,v0,v1,v0,v1,c0
v0,v1,v1,v1,v8,v4,v1,v1,v1,v1,v1,v1,v0,v1,c0
v1,v1,v1,v1,v13,v3,v0,v0,v1,v0,v1,v1,v0,v1,c0
v1,v1,v1,v0,v8,v3,v1,v0,v0,v2,v0,v1,v0,v1,c0
v0,v1,v1,v1,v10,v3,v1,v0,v0,v2,v0,v1,v1,v1,c0
v0,v1,v1,v1,v13,v3,v1,v0,v0,v2,v1,v1,v0,v1,c0
v1,v0,v0,v1,v7,v4,v0,v0,v0,v2,v1,v1,v0,v1,c0
v0,v1,v1,v1,v6,v3,v0,v1,v0,v2,v1,v1,v0,v1,c0
v0,v1,v1,v1,v7,v4,v1,v1,v0,v2,v1,v1,v0,v1,c0
v1,v1,v1,v1,v13,v3,v1,v0,v1,v0,v0,v1,v1,v1,c0
v1,v1,v1,v1,v12,v3,v0,v0,v1,v0,v0,v1,v1,v1,c0
v1,v1,v1,v1,v12,v6,v1,v1,v0,v2,v0,v1,v0,v1,c0
v0,v1,v1,v1,v2,v3,v1,v0,v1,v0,v0,v1,v0,v1,c0
v1,v1,v1,v1,v12,v3,v1,v0,v0,v2,v0,v2,v0,v1,c0
v1,v1,v0,v1,v13,v3,v1,v1,v0,v2,v1,v1,v0,v1,c0
v1,v1,v0,v0,v12,v3,v0,v1,v0,v2,v0,v1,v1,v1,c0
v1,v1,v1,v1,v12,v3,v1,v0,v0,v2,v1,v1,v0,v1,c0
v1,v1,v1,v1,v12,v3,v1,v0,v0,v2,v0,v1,v0,v1,c0
v1,v1,v0,v1,v12,v3,v1,v0,v0,v2,v0,v1,v1,v1,c0
v1,v0,v1,v1,v7,v4,v1,v0,v0,v2,v0,v0,v0,v1,c0
v1,v1,v1,v0,v10,v3,v0,v0,v0,v2,v1,v1,v0,v1,c0
v1,v1,v1,v0,v7,v6,v1,v0,v0,v2,v0,v1,v0,v1,c0
v1,v1,v0,v0,v12,v4,v0,v0,v0,v2,v0,v1,v0,v0,c0
v0,v0,v1,v1,v10,v3,v1,v0,v0,v2,v0,v1,v0,v1,c0
v1,v1,v1,v0,v8,v0,v1,v0,v0,v2,v0,v1,v0,v1,c0
v1,v1,v1,v0,v12,v3,v1,v0,v0,v2,v0,v1,v0,v1,c0
v1,v0,v1,v1,v12,v3,v1,v1,v1,v1,v1,v1,v0,v1,c0
v0,v1,v1,v1,v12,v3,v1,v0,v1,v0,v1,v1,v1,v1,c0
v1,v1,v1,v1,v13,v3,v1,v0,v1,v0,v0,v1,v0,v1,c0
v1,v0,v0,v0,v0,v0,v1,v0,v1,v0,v0,v1,v1,v1,c0
v0,v1,v1,v1,v2,v3,v0,v1,v0,v2,v1,v1,v0,v1,c0
v1,v1,v1,v1,v8,v3,v1,v0,v0,v2,v0,v1,v0,v0,c0
v1,v1,v1,v1,v12,v6,v0,v0,v1,v0,v1,v1,v0,v1,c0
v1,v1,v1,v1,v13,v3,v1,v0,v1,v0,v0,v1,v0,v1,c0
v1,v0,v1,v0,v12,v6,v0,v1,v0,v2,v1,v1,v0,v1,c0
v0,v1,v0,v1,v2,v6,v1,v0,v1,v1,v1,v1,v0,v1,c0
v1,v1,v1,v1,v7,v4,v1,v0,v0,v2,v1,v1,v0,v0,c0
v1,v1,v1,v1,v10,v3,v1,v0,v0,v2,v0,v1,v0,v1,c0
v1,v1,v1,v0,v13,v3,v0,v0,v0,v2,v0,v0,v0,v1,c0
v1,v1,v1,v0,v10,v3,v1,v1,v0,v2,v0,v1,v0,v1,c0
v1,v1,v0,v1,v2,v3,v1,v1,v1,v0,v0,v1,v1,v1,c0
v1,v1,v0,v1,v10,v3,v1,v0,v0,v2,v0,v1,v1,v1,c0
v1,v1,v0,v0,v11,v3,v1,v0,v0,v2,v0,v1,v0,v1,c0
v0,v1,v1,v1,v10,v3,v1,v0,v1,v0,v1,v1,v0,v1,c0
v1,v1,v0,v1,v13,v6,v1,v0,v1,v0,v0,v1,v0,v1,c0
v0,v1,v1,v1,v12,v3,v0,v0,v1,v0,v1,v1,v0,v1,c0
v1,v1,v1,v1,v4,v3,v0,v0,v0,v2,v0,v1,v0,v1,c0
v1,v1,v1,v1,v12,v6,v1,v0,v1,v0,v1,v1,v0,v1,c0
v1,v1,v1,v1,v2,v6,v1,v0,v0,v2,v1,v1,v0,v1,c0
v0,v1,v0,v1,v6,v3,v0,v0,v0,v2,v0,v1,v0,v1,c0
v0,v0,v0,v0,v0,v0,v0,v0,v0,v2,v1,v1,v1,v1,c0
v1,v1,v1,v1,v8,v3,v1,v0,v0,v2,v0,v1,v0,v1,c0
v0,v1,v1,v1,v10,v3,v1,v0,v0,v2,v0,v1,v0,v0,c0
v0,v1,v0,v1,v13,v3,v1,v0,v0,v2,v1,v1,v0,v1,c0
v0,v1,v1,v1,v2,v3,v1,v0,v1,v0,v1,v1,v0,v1,c0
v1,v1,v1,v1,v12,v5,v1,v0,v1,v0,v1,v1,v0,v0,c0
v1,v0,v1,v1,v12,v3,v0,v0,v0,v2,v1,v1,v0,v1,c0
v0,v1,v1,v1,v12,v6,v0,v1,v0,v2,v1,v1,v0,v1,c0
v0,v0,v1,v0,v0,v0,v1,v0,v0,v2,v0,v1,v1,v1,c0
v0,v1,v1,v0,v1,v6,v0,v0,v0,v2,v0,v1,v0,v1,c0
v1,v1,v0,v1,v1,v1,v1,v0,v0,v2,v1,v1,v0,v0,c0
v0,v1,v1,v1,v13,v3,v0,v0,v0,v2,v0,v1,v0,v1,c0
v1,v0,v1,v1,v7,v4,v1,v1,v0,v2,v0,v1,v0,v1,c0
v0,v1,v1,v0,v7,v4,v0,v0,v0,v2,v0,v1,v0,v1,c0
v1,v1,v1,v0,v13,v3,v0,v1,v1,v1,v1,v1,v0,v1,c0
v0,v1,v1,v1,v9,v2,v1,v0,v1,v0,v0,v1,v0,v1,c0
v1,v1,v1,v1,v6,v6,v1,v0,v0,v2,v1,v0,v0,v1,c0
v1,v1,v1,v1,v7,v3,v1,v0,v0,v2,v0,v1,v0,v1,c0
v1,v1,v0,v1,v1,v3,v1,v0,v0,v2,v0,v1,v0,v1,c0
v0,v1,v0,v1,v6,v3,v1,v0,v0,v2,v1,v1,v0,v0,c0
v1,v1,v1,v1,v10,v3,v1,v0,v0,v2,v0,v1,v0,v0,c0
v0,v1,v1,v1,v0,v0,v0,v0,v1,v0,v1,v1,v0,v1,c0
v1,v0,v1,v0,v11,v3,v1,v0,v0,v2,v0,v0,v0,v1,c0
v0,v1,v0,v1,v12,v3,v1,v0,v0,v2,v0,v1,v1,v1,c0
v1,v1,v1,v0,v8,v3,v0,v1,v1,v0,v0,v1,v0,v1,c0
v1,v1,v0,v1,v7,v3,v1,v1,v0,v2,v1,v1,v0,v1,c0
v1,v1,v1,v0,v7,v4,v0,v0,v0,v2,v0,v1,v1,v1,c0
v1,v1,v1,v1,v12,v3,v1,v0,v0,v2,v0,v2,v0,v1,c0
v1,v1,v1,v1,v12,v3,v0,v0,v0,v2,v0,v2,v0,v1,c0
v0,v1,v1,v1,v2,v3,v1,v0,v0,v2,v1,v1,v0,v1,c0
v1,v1,v1,v0,v13,v3,v1,v0,v0,v2,v1,v1,v0,v1,c0
v0,v1,v0,v0,v8,v6,v0,v0,v0,v2,v1,v1,v1,v1,c0
v0,v0,v1,v1,v9,v2,v1,v1,v0,v2,v1,v1,v0,v1,c0
v1,v1,v1,v1,v12,v3,v1,v0,v1,v0,v0,v1,v0,v0,c0
v1,v0,v1,v0,v7,v6,v0,v0,v0,v2,v1,v0,v0,v1,c0
v1,v1,v1,v0,v8,v3,v1,v0,v1,v0,v1,v1,v0,v1,c0
v1,v1,v1,v1,v2,v3,v1,v0,v0,v2,v0,v1,v0,v1,c0
v0,v1,v1,v1,v0,v0,v1,v0,v0,v2,v0,v1,v0,v1,c0
v1,v1,v1,v0,v7,v4,v1,v1,v1,v1,v1,v1,v0,v1,c0
v1,v1,v1,v1,v13,v3,v1,v0,v1,v0,v0,v1,v0,v1,c0
v1,v0,v1,v1,v0,v0,v1,v0,v0,v2,v0,v1,v0,v1,c0
v1,v1,v1,v0,v10,v3,v0,v1,v0,v2,v0,v1,v0,v1,c0
v1,v0,v1,v1,v6,v3,v0,v0,v0,v2,v1,v1,v1,v1,c0
v0,v0,v1,v1,v2,v3,v1,v0,v0,v2,v1,v1,v0,v1,c0
v1,v1,v1,v0,v12,v6,v1,v0,v0,v2,v0,v1,v0,v1,c0
v0,v0,v1,v0,v12,v3,v1,v0,v0,v2,v1,v1,v0,v1,c0
v1,v1,v0,v1,v6,v3,v1,v0,v0,v2,v0,v1,v0,v1,c0
v1,v1,v1,v0,v12,v4,v1,v1,v0,v2,v1,v1,v0,v1,c0
v1,v0,v1,v1,v0,v0,v1,v1,v0,v2,v0,v1,v0,v1,c0
v0,v1,v1,v1,v2,v3,v1,v0,v0,v2,v0,v0,v0,v1,c0
v1,v1,v1,v1,v12,v4,v1,v1,v0,v2,v1,v0,v0,v1,c0
v1,v0,v0,v1,v2,v6,v1,v1,v1,v0,v0,v1,v0,v1,c0
v1,v1,v0,v0,v7,v4,v1,v0,v0,v2,v1,v1,v0,v1,c0
v1,v1,v1,v1,v12,v4,v0,v1,v0,v2,v1,v0,v0,v1,c0
v0,v1,v1,v0,v12,v3,v1,v0,v0,v2,v0,v0,v1,v1,c0
v1,v1,v1,v1,v8,v6,v0,v0,v0,v2,v1,v1,v0,v1,c0
v1,v1,v1,v1,v0,v0,v1,v0,v1,v0,v0,v1,v1,v1,c0
v1,v1,v1,v1,v8,v6,v1,v0,v0,v2,v1,v0,v0,v1,c0
v0,v1,v1,v1,v7,v3,v1,v0,v1,v1,v1,v1,v0,v1,c0
v0,v1,v1,v0,v5,v3,v1,v0,v0,v2,v0,v1,v0,v1,c0
v0,v1,v0,v1,v6,v3,v1,v0,v0,v2,v0,v1,v1,v1,c0
v1,v1,v0,v1,v10,v3,v1,v0,v0,v2,v0,v1,v1,v1,c0
v1,v1,v1,v1,v11,v3,v1,v0,v1,v1,v0,v1,v0,v0,c0
v1,v0,v1,v1,v11,v3,v0,v1,v0,v2,v0,v0,v0,v1,c0
v1,v0,v0,v1,v1,v7,v1,v0,v0,v2,v0,v1,v1,v1,c0
v0,v1,v1,v0,v12,v3,v1,v0,v1,v0,v0,v1,v0,v1,c0
v1,v0,v1,v0,v0,v0,v0,v0,v0,v2,v0,v1,v0,v1,c0
v1,v0,v1,v1,v11,v3,v0,v0,v0,v2,v1,v0,v0,v1,c0
v1,v1,v0,v1,v7,v4,v0,v0,v0,v2,v0,v1,v0,v0,c0
v1,v0,v1,v0,v11,v3,v1,v0,v0,v2,v1,v1,v0,v1,c0
v0,v0,v1,v1,v7,v4,v1,v0,v0,v2,v0,v0,v0,v1,c0
v1,v1,v1,v1,v11,v3,v1,v0,v0,v2,v1,v1,v0,v1,c0
v0,v1,v1,v0,v0,v0,v1,v0,v0,v2,v0,v1,v0,v1,c0
v0,v0,v1,v1,v10,v3,v1,v0,v0,v2,v1,v1,v0,v1,c0
v1,v1,v1,v1,v6,v3,v1,v1,v0,v2,v1,v0,v0,v1,c0
v1,v1,v0,v1,v6,v3,v1,v0,v0,v2,v0,v1,v1,v1,c0
v1,v1,v1,v0,v4,v3,v0,v1,v0,v2,v1,v1,v0,v1,c0
v0,v1,v1,v0,v0,v0,v1,v1,v0,v2,v0,v1,v0,v1,c0
v0,v1,v0,v0,v2,v3,v0,v1,v0,v2,v1,v1,v0,v1,c0
v0,v1,v0,v0,v2,v6,v1,v0,v0,v2,v0,v1,v0,v1,c0
v1,v1,v1,v1,v12,v3,v0,v0,v0,v2,v1,v1,v0,v1,c0
v1,v1,v1,v0,v12,v3,v1,v0,v0,v2,v0,v1,v0,v0,c0
v1,v1,v0,v1,v7,v3,v1,v0,v0,v2,v0,v1,v1,v1,c0
v0,v1,v1,v1,v2,v3,v1,v0,v0,v2,v1,v1,v0,v0,c0
v0,v1,v0,v1,v2,v6,v0,v0,v0,v2,v0,v1,v0,v1,c0
v1,v1,v1,v1,v1,v1,v1,v0,v1,v0,v0,v1,v0,v0,c0
v1,v1,v0,v1,v10,v4,v1,v0,v0,v2,v1,v1,v0,v1,c0
v1,v1,v0,v0,v10,v3,v0,v1,v0,v2,v0,v1,v1,v1,c0
v1,v1,v0,v0,v10,v3,v1,v0,v0,v2,v1,v1,v0,v1,c0
v1,v1,v1,v0,v8,v3,v1,v0,v0,v2,v0,v1,v0,v1,c0
v1,v1,v1,v0,v12,v3,v0,v1,v0,v2,v1,v1,v1,v1,c0
v1,v1,v1,v1,v8,v3,v1,v0,v0,v2,v1,v1,v0,v1,c0
v0,v1,v0,v0,v10,v3,v0,v1,v0,v2,v0,v1,v0,v1,c0
v1,v1,v0,v0,v10,v3,v1,v1,v0,v2,v0,v1,v0,v1,c0
v0,v1,v1,v1,v0,v0,v1,v0,v1,v0,v1,v1,v0,v1,c0
v0,v0,v1,v1,v12,v3,v0,v0,v0,v2,v0,v1,v0,v1,c0
v1,v0,v0,v1,v0,v0,v0,v0,v1,v0,v0,v1,v1,v1,c0
v0,v1,v1,v0,v9,v2,v1,v0,v0,v2,v0,v1,v0,v1,c0
v1,v1,v0,v0,v1,v6,v0,v0,v0,v2,v0,v1,v0,v1,c0
v1,v1,v1,v1,v10,v3,v1,v0,v0,v2,v1,v1,v0,v1,c0
v1,v1,v1,v1,v12,v3,v1,v0,v0,v2,v1,v0,v0,v1,c0
v1,v1,v1,v1,v8,v3,v1,v1,v0,v2,v0,v0,v0,v1,c0
v0,v0,v0,v1,v10,v6,v0,v0,v0,v2,v0,v1,v1,v1,c0
v0,v1,v1,v1,v6,v3,v1,v0,v0,v2,v1,v1,v1,v1,c0
v0,v1,v1,v1,v7,v6,v1,v0,v0,v2,v0,v1,v0,v1,c0
v1,v1,v1,v1,v4,v3,v1,v0,v0,v2,v1,v1,v1,v0,c0
v1,v1,v1,v1,v10,v3,v1,v0,v1,v0,v0,v1,v1,v1,c0
v1,v1,v0,v1,v12,v3,v1,v1,v0,v2,v0,v1,v0,v1,c0
v1,v1,v1,v1,v13,v3,v1,v0,v0,v2,v0,v1,v0,v1,c0
v0,v1,v1,v0,v1,v1,v1,v0,v0,v2,v0,v1,v0,v1,c0
v0,v1,v0,v1,v12,v3,v1,v0,v0,v2,v1,v1,v0,v1,c0
v1,v0,v0,v1,v12,v3,v1,v1,v0,v2,v0,v1,v1,v1,c0
v1,v1,v1,v1,v8,v3,v1,v0,v0,v2,v1,v1,v0,v1,c0
v0,v1,v1,v0,v12,v3,v1,v0,v0,v2,v0,v1,v0,v1,c0
v1,v0,v1,v1,v12,v3,v0,v0,v0,v2,v0,v1,v1,v1,c0
v1,v1,v1,v0,v4,v6,v1,v0,v0,v2,v0,v1,v0,v1,c0
v0,v0,v0,v1,v0,v0,v1,v0,v0,v2,v0,v0,v1,v1,c0
v1,v1,v1,v1,v13,v3,v0,v1,v1,v1,v1,v1,v0,v1,c0
v1,v1,v0,v1,v6,v6,v1,v0,v0,v2,v0,v1,v0,v1,c0
v0,v0,v1,v1,v0,v0,v1,v0,v0,v2,v1,v0,v1,v1,c0
v1,v1,v1,v0,v12,v3,v0,v0,v0,v2,v1,v0,v0,v1,c0
v1,v0,v1,v1,v0,v0,v1,v0,v0,v2,v0,v1,v0,v1,c0
v1,v1,v1,v1,v6,v3,v1,v0,v0,v2,v0,v1,v0,v1,c0
v0,v0,v1,v1,v7,v4,v1,v1,v0,v2,v1,v1,v0,v0,c0
v0,v1,v0,v1,v4,v3,v0,v1,v0,v2,v1,v1,v0,v1,c0
v1,v1,v1,v0,v1,v1,v1,v0,v0,v2,v0,v1,v0,v1,c0
v1,v1,v1,v1,v0,v0,v1,v0,v1,v1,v0,v1,v0,v1,c0
v1,v1,v0,v1,v2,v6,v0,v1,v1,v1,v1,v1,v0,v1,c0
v1,v1,v1,v0,v0,v0,v1,v0,v0,v2,v0,v1,v0,v1,c0
v1,v0,v1,v1,v10,v3,v1,v0,v0,v2,v0,v1,v0,v1,c0
v1,v0,v0,v1,v1,v7,v1,v1,v1,v1,v0,v1,v0,v1,c0
v1,v1,v1,v0,v12,v3,v1,v0,v0,v2,v0,v1,v0,v1,c0
v0,v1,v1,v1,v13,v3,v1,v0,v1,v0,v1,v1,v0,v1,c0
v0,v0,v1,v1,v0,v0,v0,v0,v1,v0,v0,v1,v1,v1,c0
v1,v1,v1,v0,v0,v0,v1,v0,v1,v1,v0,v1,v1,v1,c0
v1,v1,v1,v1,v12,v6,v0,v0,v0,v2,v1,v1,v1,v1,c0
v0,v1,v1,v0,v7,v6,v1,v0,v0,v2,v1,v1,v0,v1,c0
v1,v1,v1,v1,v12,v3,v1,v0,v0,v2,v0,v1,v1,v1,c0
v1,v1,v1,v0,v13,v3,v0,v0,v0,v2,v1,v1,v0,v1,c0
v0,v1,v1,v1,v7,v3,v1,v0,v0,v2,v1,v0,v0,v1,c0
v1,v1,v1,v0,v12,v3,v1,v0,v0,v2,v0,v1,v0,v0,c0
v1,v1,v1,v0,v10,v3,v1,v0,v0,v2,v0,v1,v1,v1,c0
v0,v1,v1,v1,v0,v0,v1,v0,v1,v1,v0,v1,v1,v1,c0
v1,v1,v0,v1,v8,v3,v0,v0,v0,v2,v1,v1,v0,v0,c0
v0,v1,v1,v0,v9,v2,v1,v0,v0,v2,v0,v1,v0,v1,c0
v1,v1,v1,v1,v8,v3,v1,v0,v0,v2,v1,v1,v0,v1,c0
v0,v1,v0,v1,v13,v3,v1,v0,v1,v0,v0,v1,v0,v1,c0
v1,v1,v0,v1,v11,v3,v1,v0,v1,v0,v0,v1,v0,v1,c0
v0,v1,v1,v0,v12,v3,v1,v0,v0,v2,v0,v1,v0,v1,c0
v1,v1,v0,v1,v10,v3,v1,v1,v0,v2,v1,v1,v0,v1,c0
v0,v1,v1,v0,v0,v0,v1,v1,v1,v1,v0,v1,v0,v1,c0
v0,v1,v1,v1,v12,v3,v1,v0,v0,v2,v1,v1,v0,v1,c0
v0,v1,v1,v1,v12,v3,v1,v0,v0,v2,v0,v1,v0,v1,c0
v1,v1,v1,v0,v6,v6,v0,v0,v0,v2,v0,v1,v0,v0,c0
v1,v1,v1,v0,v4,v3,v1,v0,v0,v2,v0,v1,v0,v1,c0
v1,v0,v1,v1,v5,v4,v1,v0,v0,v2,v1,v1,v0,v1,c0
v1,v1,v1,v1,v7,v3,v1,v0,v0,v2,v1,v1,v0,v1,c0
v1,v1,v0,v1,v1,v4,v0,v1,v0,v2,v1,v0,v0,v1,c0
v1,v1,v1,v0,v5,v6,v1,v0,v0,v2,v0,v1,v0,v1,c0
v1,v1,v1,v1,v0,v0,v1,v0,v1,v1,v0,v1,v0,v0,c0
v1,v1,v1,v1,v6,v4,v0,v1,v0,v2,v1,v1,v0,v1,c0
v1,v1,v1,v0,v0,v0,v1,v0,v0,v2,v1,v1,v0,v1,c0
v0,v1,v1,v1,v11,v3,v0,v0,v1,v0,v1,v1,v0,v1,c0
v1,v1,v1,v1,v8,v0,v1,v0,v0,v2,v0,v1,v0,v1,c0
v1,v1,v1,v1,v10,v3,v0,v1,v0,v2,v1,v1,v0,v1,c0
v1,v0,v0,v1,v13,v3,v0,v0,v0,v2,v0,v1,v0,v1,c0
v1,v0,v1,v1,v7,v4,v1,v0,v0,v2,v0,v1,v0,v1,c0
v1,v1,v0,v0,v8,v6,v1,v1,v0,v2,v1,v1,v0,v1,c0
v1,v1,v1,v1,v13,v3,v1,v0,v1,v0,v0,v1,v0,v0,c0
v1,v1,v1,v0,v8,v3,v1,v0,v0,v2,v0,v1,v0,v0,c0
v0,v1,v1,v0,v9,v0,v1,v0,v0,v2,v0,v1,v1,v1,c0
v0,v0,v0,v1,v8,v6,v0,v1,v1,v1,v1,v1,v0,v1,c0
v1,v1,v1,v0,v4,v3,v1,v0,v0,v2,v0,v1,v0,v1,c0
v0,v0,v0,v1,v7,v4,v0,v0,v0,v2,v1,v1,v1,v1,c0
v0,v1,v1,v1,v0,v0,v1,v0,v1,v0,v0,v1,v0,v1,c0
v1,v1,v1,v0,v13,v3,v1,v0,v0,v2,v0,v0,v0,v1,c0
v1,v1,v1,v0,v8,v3,v1,v0,v0,v2,v0,v0,v0,v1,c0
v1,v1,v1,v0,v6,v3,v0,v0,v0,v2,v1,v1,v0,v1,c0
v1,v1,v0,v1,v12,v3,v1,v0,v1,v0,v0,v1,v1,v0,c0
v1,v1,v1,v1,v10,v3,v0,v0,v1,v0,v1,v1,v0,v1,c0
v1,v1,v1,v0,v12,v6,v0,v1,v1,v1,v1,v1,v0,v1,c0
v1,v1,v1,v0,v6,v3,v1,v0,v0,v2,v0,v1,v0,v1,c0
v1,v1,v1,v0,v10,v3,v1,v0,v0,v2,v1,v1,v0,v1,c0
v0,v1,v0,v1,v2,v3,v0,v1,v1,v1,v0,v1,v1,v0,c0
v1,v1,v1,v1,v6,v3,v1,v0,v0,v2,v1,v0,v0,v1,c0
v1,v1,v1,v1,v12,v3,v1,v0,v0,v2,v0,v1,v0,v1,c0
v1,v1,v0,v0,v0,v0,v1,v0,v0,v2,v0,v1,v0,v1,c0
v0,v1,v0,v1,v8,v3,v0,v0,v0,v2,v1,v0,v0,v1,c0
v1,v1,v1,v0,v8,v3,v1,v0,v0,v2,v0,v1,v0,v1,c0
v0,v1,v0,v1,v12,v3,v1,v0,v0,v2,v0,v1,v0,v1,c0
v1,v1,v1,v1,v8,v3,v1,v0,v0,v2,v1,v1,v0,v1,c0
v1,v0,v0,v0,v12,v3,v0,v0,v0,v2,v0,v1,v0,v1,c0
v1,v1,v1,v1,v6,v6,v0,v0,v0,v2,v1,v1,v0,v1,c0
v1,v1,v1,v1,v8,v3,v0,v0,v0,v2,v1,v1,v0,v1,c0
v0,v1,v1,v0,v0,v0,v1,v0,v0,v2,v1,v1,v0,v1,c0
v0,v1,v1,v1,v13,v3,v1,v0,v0,v2,v1,v1,v0,v1,c0
v0,v1,v1,v1,v12,v3,v1,v1,v1,v1,v1,v1,v0,v1,c0
v1,v1,v1,v0,v12,v3,v1,v0,v1,v0,v0,v1,v0,v1,c0
v0,v1,v0,v1,v10,v3,v1,v0,v0,v2,v0,v1,v0,v0,c0
v1,v1,v1,v1,v12,v3,v1,v0,v0,v2,v0,v1,v0,v1,c0
v1,v1,v1,v0,v4,v3,v0,v0,v0,v2,v1,v1,v0,v1,c0
v0,v1,v0,v0,v12,v6,v0,v1,v0,v2,v0,v1,v0,v1,c1
v1,v1,v0,v1,v13,v3,v1,v0,v0,v2,v1,v1,v0,v1,c1
v1,v1,v1,v0,v13,v3,v0,v1,v1,v1,v0,v1,v1,v1,c1
v1,v1,v1,v1,v12,v3,v0,v1,v1,v1,v0,v1,v1,v0,c1
v1,v1,v1,v1,v13,v3,v1,v1,v0,v2,v1,v1,v0,v0,c1
v0,v1,v1,v1,v10,v3,v1,v1,v0,v2,v0,v1,v0,v1,c1
v1,v1,v1,v1,v12,v3,v1,v0,v0,v2,v0,v2,v0,v1,c1
v1,v1,v1,v1,v4,v3,v1,v1,v0,v2,v0,v1,v1,v1,c1
v0,v1,v1,v1,v4,v3,v1,v1,v0,v2,v0,v1,v0,v0,c1
v0,v1,v0,v1,v10,v3,v1,v1,v1,v0,v0,v1,v1,v0,c1
v0,v1,v1,v1,v2,v3,v0,v1,v1,v1,v0,v1,v0,v0,c1
v1,v0,v1,v1,v11,v3,v0,v1,v1,v0,v1,v1,v1,v1,c1
v1,v1,v0,v1,v12,v3,v0,v1,v1,v1,v1,v1,v1,v1,c1
v0,v1,v1,v1,v2,v3,v1,v1,v1,v1,v0,v1,v0,v1,c1
v1,v0,v1,v1,v13,v3,v0,v1,v1,v1,v1,v1,v0,v0,c1
v1,v1,v0,v1,v3,v5,v0,v1,v1,v1,v1,v1,v1,v1,c1
v1,v1,v0,v1,v6,v3,v0,v1,v1,v1,v0,v1,v0,v0,c1
v1,v1,v1,v1,v4,v6,v0,v1,v1,v1,v1,v1,v1,v1,c1
v1,v1,v0,v1,v13,v6,v0,v1,v1,v1,v0,v1,v1,v0,c1
v0,v0,v0,v1,v0,v0,v1,v1,v1,v1,v1,v1,v1,v0,c1
v0,v0,v0,v0,v2,v6,v0,v1,v1,v1,v0,v1,v1,v0,c1
v1,v0,v0,v1,v11,v3,v0,v1,v0,v2,v0,v0,v0,v1,c1
v0,v1,v0,v1,v4,v6,v1,v1,v1,v1,v0,v1,v1,v1,c1
v0,v1,v1,v1,v13,v3,v1,v1,v0,v2,v0,v0,v0,v1,c1
v0,v1,v0,v0,v12,v3,v1,v1,v1,v1,v1,v1,v1,v0,c1
v0,v1,v0,v1,v2,v3,v0,v1,v1,v1,v1,v1,v0,v1,c1
v1,v0,v1,v1,v10,v3,v0,v1,v0,v2,v0,v0,v0,v1,c1
v1,v1,v1,v1,v12,v3,v1,v1,v1,v1,v1,v1,v1,v0,c1
v1,v1,v1,v1,v12,v3,v0,v1,v1,v0,v0,v1,v0,v1,c1
v1,v1,v1,v0,v12,v6,v0,v1,v1,v0,v1,v1,v0,v0,c1
v0,v0,v0,v1,v2,v3,v0,v1,v1,v1,v1,v1,v1,v1,c1
v1,v0,v0,v1,v11,v3,v0,v1,v1,v1,v1,v1,v0,v0,c1
v1,v1,v0,v1,v5,v6,v0,v0,v0,v2,v1,v0,v0,v1,c1
v0,v1,v1,v1,v12,v3,v0,v1,v1,v1,v1,v1,v0,v0,c1
v1,v1,v0,v1,v13,v3,v0,v1,v0,v2,v0,v0,v0,v1,c1
v1,v0,v0,v1,v12,v3,v0,v1,v1,v1,v0,v1,v1,v1,c1
v1,v1,v0,v1,v12,v3,v0,v1,v1,v1,v0,v1,v0,v0,c1
v1,v1,v0,v0,v12,v4,v0,v1,v1,v1,v1,v1,v0,v1,c1
v1,v1,v1,v1,v4,v6,v0,v1,v0,v2,v1,v1,v1,v1,c1
v1,v1,v1,v1,v11,v3,v0,v1,v0,v2,v1,v1,v0,v1,c1
v1,v0,v0,v1,v2,v6,v0,v1,v1,v1,v1,v1,v0,v1,c1
v1,v1,v1,v1,v4,v6,v0,v1,v1,v1,v0,v1,v0,v0,c1
v1,v0,v0,v1,v7,v4,v1,v1,v1,v1,v0,v1,v1,v0,c1
v1,v0,v0,v1,v5,v6,v0,v1,v1,v1,v0,v1,v1,v1,c1
v1,v0,v0,v1,v0,v0,v0,v1,v1,v1,v0,v1,v1,v0,c1
v1,v1,v1,v0,v13,v3,v1,v1,v0,v2,v1,v1,v0,v0,c1
v0,v0,v1,v1,v4,v6,v1,v1,v1,v1,v1,v1,v0,v1,c1
v1,v1,v0,v2,v0,v5,v1,v0,v0,v2,v1,v2,v0,v0,c1
v1,v0,v0,v1,v8,v3,v1,v0,v0,v2,v0,v1,v1,v0,c1
v0,v1,v1,v1,v2,v3,v0,v1,v1,v0,v0,v1,v1,v1,c1
v1,v1,v0,v1,v13,v3,v0,v1,v0,v2,v0,v1,v0,v0,c1
v1,v1,v0,v1,v5,v3,v0,v1,v1,v1,v0,v1,v0,v1,c1
v0,v0,v1,v0,v2,v6,v1,v1,v1,v1,v1,v1,v0,v0,c1
v0,v0,v0,v1,v10,v3,v0,v1,v1,v1,v1,v1,v0,v1,c1
v0,v0,v0,v1,v1,v4,v0,v1,v1,v1,v0,v1,v0,v0,c1
v0,v0,v1,v1,v12,v3,v0,v1,v1,v1,v1,v1,v0,v0,c1
v1,v1,v1,v1,v2,v5,v1,v0,v0,v2,v0,v1,v0,v1,c1
v0,v1,v0,v0,v9,v2,v1,v1,v1,v1,v1,v1,v1,v1,c1
v1,v1,v1,v1,v12,v6,v0,v1,v0,v2,v0,v1,v0,v1,c1
v1,v0,v0,v1,v2,v3,v1,v1,v1,v0,v0,v1,v0,v1,c1
v1,v0,v0,v1,v1,v3,v0,v1,v1,v1,v0,v1,v1,v1,c1
v1,v1,v0,v1,v5,v6,v1,v1,v1,v0,v0,v1,v0,v1,c1
v0,v1,v0,v1,v10,v3,v0,v1,v0,v2,v1,v1,v1,v1,c1
v1,v1,v0,v1,v4,v3,v0,v1,v1,v0,v1,v1,v0,v1,c1
v1,v1,v1,v1,v13,v3,v0,v1,v1,v1,v0,v1,v0,v0,c1
v1,v1,v1,v1,v6,v6,v0,v1,v1,v1,v0,v1,v0,v1,c1
v1,v1,v0,v1,v4,v3,v0,v1,v1,v1,v0,v1,v0,v0,c1
v0,v1,v1,v1,v10,v3,v1,v1,v1,v1,v0,v1,v1,v0,c1
v1,v1,v1,v1,v12,v3,v0,v1,v1,v1,v0,v1,v0,v0,c1
v1,v1,v0,v0,v13,v3,v0,v1,v1,v0,v1,v1,v1,v1,c1
v1,v1,v1,v1,v2,v3,v0,v1,v1,v0,v1,v1,v0,v0,c1
v0,v1,v1,v1,v2,v6,v0,v1,v1,v1,v1,v1,v0,v0,c1
v1,v0,v0,v1,v8,v6,v0,v1,v0,v2,v1,v1,v1,v0,c1
v1,v1,v1,v1,v6,v6,v1,v1,v0,v2,v1,v1,v1,v1,c1
v0,v1,v1,v1,v2,v3,v1,v1,v1,v1,v0,v1,v1,v1,c1
v1,v1,v1,v1,v13,v3,v0,v1,v1,v1,v1,v1,v0,v1,c1
v1,v1,v0,v1,v13,v3,v0,v1,v1,v0,v0,v1,v1,v1,c1
v1,v1,v0,v1,v5,v3,v0,v1,v0,v2,v0,v1,v1,v1,c1
v1,v1,v0,v1,v5,v3,v0,v1,v1,v0,v0,v1,v0,v1,c1
v1,v1,v1,v1,v12,v3,v0,v1,v1,v1,v1,v1,v0,v0,c1
v1,v0,v1,v1,v5,v3,v0,v1,v0,v2,v0,v1,v0,v0,c1
v0,v1,v1,v1,v2,v6,v0,v1,v1,v0,v0,v1,v1,v0,c1
v0,v1,v0,v1,v1,v1,v0,v1,v1,v1,v1,v1,v1,v0,c1
v1,v0,v0,v1,v11,v3,v0,v1,v1,v1,v1,v1,v0,v0,c1
v1,v1,v1,v1,v5,v6,v1,v1,v1,v1,v0,v1,v0,v0,c1
v1,v1,v0,v1,v4,v6,v0,v1,v1,v1,v0,v1,v0,v1,c1
v1,v0,v0,v1,v0,v0,v0,v1,v1,v1,v1,v1,v1,v1,c1
v0,v1,v1,v1,v8,v3,v1,v1,v1,v1,v0,v1,v0,v0,c1
v0,v0,v0,v1,v2,v6,v0,v1,v1,v1,v0,v1,v1,v0,c1
v1,v0,v0,v0,v12,v3,v0,v1,v1,v1,v0,v1,v1,v1,c1
v1,v0,v1,v1,v7,v6,v0,v1,v0,v2,v0,v1,v0,v1,c1
v1,v1,v0,v1,v12,v3,v0,v1,v1,v1,v0,v1,v0,v0,c1
v0,v1,v1,v0,v2,v3,v0,v1,v1,v0,v1,v1,v1,v1,c1
v1,v0,v0,v1,v7,v4,v0,v1,v1,v1,v1,v1,v1,v0,c1
v1,v1,v1,v1,v12,v3,v1,v1,v0,v2,v0,v0,v0,v1,c1
v1,v1,v1,v1,v11,v3,v1,v1,v1,v1,v1,v1,v0,v1,c1
v1,v0,v1,v1,v2,v3,v1,v1,v0,v2,v1,v1,v0,v1,c1
v0,v0,v0,v1,v2,v3,v0,v1,v0,v2,v1,v1,v1,v0,c1
v1,v1,v0,v1,v1,v1,v1,v1,v0,v2,v0,v1,v1,v1,c1
v1,v0,v1,v1,v7,v4,v0,v0,v0,v2,v0,v1,v0,v1,c1
v1,v1,v0,v1,v12,v4,v0,v1,v1,v1,v0,v1,v1,v1,c1
v1,v0,v0,v0,v13,v3,v0,v1,v0,v2,v1,v1,v1,v0,c1
v1,v0,v0,v1,v4,v3,v0,v1,v1,v1,v1,v1,v1,v1,c1
v0,v1,v0,v1,v10,v3,v0,v1,v1,v1,v0,v1,v1,v0,c1
v1,v1,v0,v1,v4,v3,v1,v1,v0,v2,v0,v1,v0,v1,c1
v1,v1,v1,v0,v12,v3,v0,v0,v0,v2,v1,v1,v0,v1,c1
v1,v1,v1,v0,v6,v3,v0,v0,v0,v2,v1,v1,v0,v1,c1
v1,v1,v1,v1,v13,v3,v0,v1,v1,v1,v1,v1,v0,v1,c1
v1,v1,v0,v1,v7,v3,v0,v1,v1,v1,v0,v1,v1,v0,c1
v1,v0,v1,v0,v12,v3,v1,v1,v1,v1,v1,v1,v0,v1,c1
v0,v1,v0,v1,v5,v6,v1,v1,v1,v1,v0,v1,v1,v0,c1
v1,v0,v1,v0,v8,v3,v1,v1,v1,v1,v0,v1,v0,v0,c1
v1,v1,v1,v1,v2,v3,v0,v1,v0,v2,v1,v1,v0,v1,c1
v0,v1,v0,v1,v12,v4,v0,v1,v1,v1,v1,v1,v1,v0,c1
v1,v0,v1,v1,v12,v6,v1,v1,v1,v1,v0,v1,v0,v0,c1
v0,v1,v0,v1,v1,v3,v0,v1,v0,v2,v1,v1,v1,v0,c1
v1,v1,v1,v1,v12,v4,v1,v1,v0,v2,v1,v1,v0,v1,c1
v1,v1,v0,v1,v13,v6,v0,v1,v1,v1,v1,v1,v0,v1,c1
v1,v1,v0,v1,v12,v3,v0,v1,v1,v1,v0,v1,v1,v0,c1
v1,v0,v0,v1,v5,v6,v0,v1,v1,v1,v1,v1,v1,v0,c1
v1,v1,v1,v0,v12,v6,v0,v1,v1,v0,v1,v1,v0,v0,c1
v1,v1,v1,v1,v2,v6,v0,v1,v0,v2,v1,v1,v0,v0,c1
v1,v1,v0,v1,v7,v4,v0,v1,v1,v0,v0,v1,v0,v0,c1
v0,v0,v0,v1,v2,v3,v0,v1,v1,v1,v0,v1,v1,v0,c1
v0,v1,v0,v1,v10,v3,v0,v1,v1,v1,v1,v1,v0,v0,c1
v0,v0,v0,v1,v1,v7,v1,v1,v1,v1,v0,v1,v1,v0,c1
v1,v1,v0,v0,v6,v3,v0,v1,v0,v2,v1,v0,v0,v1,c1
v0,v1,v1,v1,v2,v6,v0,v1,v1,v1,v0,v1,v1,v0,c1
v1,v0,v1,v1,v12,v4,v0,v1,v0,v2,v0,v1,v1,v1,c1
v0,v1,v0,v1,v13,v3,v0,v1,v1,v1,v1,v1,v1,v0,c1
v1,v0,v0,v1,v12,v6,v0,v1,v1,v1,v1,v1,v1,v1,c1
v1,v0,v0,v1,v1,v7,v0,v1,v1,v1,v0,v1,v1,v0,c1
v0,v0,v0,v1,v12,v3,v0,v1,v1,v1,v1,v1,v1,v0,c1
v0,v0,v1,v1,v9,v2,v1,v1,v0,v2,v0,v1,v0,v0,c1
v1,v1,v0,v1,v4,v3,v0,v1,v1,v1,v1,v1,v0,v1,c1
v1,v1,v0,v1,v12,v6,v0,v1,v1,v1,v0,v1,v1,v0,c1
v1,v0,v0,v1,v2,v6,v0,v1,v0,v2,v1,v1,v0,v1,c1
v1,v0,v0,v1,v4,v6,v0,v1,v1,v0,v1,v1,v1,v0,c1
v1,v1,v1,v1,v4,v3,v0,v1,v1,v0,v1,v1,v0,v0,c1
v1,v1,v1,v1,v7,v4,v1,v1,v0,v2,v1,v1,v1,v1,c1
v1,v0,v0,v1,v12,v3,v0,v1,v1,v1,v0,v1,v1,v0,c1
v0,v1,v0,v0,v5,v6,v1,v1,v1,v1,v0,v1,v1,v1,c1
v1,v0,v0,v1,v1,v7,v0,v1,v1,v1,v1,v1,v1,v1,c1
v0,v0,v1,v1,v0,v0,v1,v1,v1,v0,v0,v1,v0,v1,c1
v1,v1,v1,v0,v4,v3,v0,v1,v1,v0,v0,v1,v0,v1,c1
v1,v0,v1,v0,v8,v6,v0,v1,v0,v2,v0,v1,v0,v1,c1
v1,v1,v1,v1,v12,v3,v0,v1,v1,v1,v1,v1,v0,v1,c1
v1,v1,v0,v1,v13,v3,v0,v1,v0,v2,v1,v1,v0,v0,c1
v1,v0,v1,v1,v4,v6,v0,v1,v1,v1,v0,v1,v0,v1,c1
v0,v1,v0,v1,v8,v3,v0,v1,v1,v0,v0,v1,v0,v1,c1
v1,v0,v0,v1,v13,v3,v0,v1,v1,v1,v0,v1,v0,v1,c1
v1,v0,v1,v1,v11,v4,v0,v1,v1,v1,v1,v1,v0,v0,c1
v1,v1,v1,v1,v5,v6,v0,v1,v0,v2,v0,v1,v1,v0,c1
v1,v0,v0,v1,v2,v3,v0,v1,v0,v2,v0,v0,v1,v1,c1
v0,v0,v1,v1,v5,v3,v0,v1,v1,v0,v1,v1,v0,v0,c1
v0,v1,v1,v1,v12,v3,v0,v1,v1,v0,v1,v1,v0,v1,c1
v0,v1,v0,v1,v2,v3,v1,v1,v1,v1,v1,v1,v1,v0,c1
v0,v0,v0,v1,v12,v3,v0,v1,v1,v1,v0,v1,v1,v0,c1
v1,v1,v1,v1,v2,v3,v0,v1,v1,v0,v1,v1,v1,v1,c1
v1,v1,v0,v1,v8,v3,v1,v1,v0,v2,v0,v1,v1,v1,c1
v1,v1,v0,v1,v5,v3,v1,v1,v1,v1,v0,v1,v0,v1,c1
v0,v0,v0,v1,v10,v3,v0,v1,v1,v1,v0,v1,v1,v1,c1
v0,v0,v0,v1,v7,v4,v0,v1,v1,v1,v1,v1,v1,v1,c1
v0,v1,v0,v1,v2,v3,v1,v1,v1,v0,v1,v1,v1,v1,c1
v1,v1,v0,v1,v13,v3,v0,v1,v1,v0,v1,v1,v0,v1,c1
v1,v1,v1,v1,v3,v6,v0,v1,v0,v2,v1,v1,v0,v0,c1
v0,v1,v1,v1,v2,v3,v1,v0,v1,v0,v0,v1,v0,v0,c1
v0,v1,v0,v1,v2,v3,v0,v1,v1,v1,v0,v1,v0,v0,c1
v1,v0,v1,v1,v7,v6,v0,v1,v0,v2,v1,v1,v0,v1,c1
v1,v0,v1,v1,v12,v3,v0,v1,v1,v1,v0,v1,v0,v0,c1
v0,v1,v0,v1,v10,v3,v0,v1,v0,v2,v0,v1,v0,v1,c1
v1,v1,v1,v1,v5,v6,v0,v1,v1,v1,v1,v1,v0,v0,c1
v1,v1,v1,v1,v11,v3,v0,v1,v1,v0,v0,v1,v0,v0,c1
v1,v1,v1,v1,v8,v6,v0,v1,v1,v0,v1,v1,v0,v1,c1
v1,v0,v0,v1,v11,v3,v0,v1,v1,v1,v1,v1,v0,v1,c1
v1,v0,v1,v1,v5,v3,v1,v1,v1,v1,v1,v1,v0,v1,c1
v1,v1,v1,v1,v4,v6,v0,v1,v1,v1,v0,v1,v0,v0,c1
v1,v0,v0,v1,v1,v6,v0,v1,v1,v1,v0,v1,v1,v1,c1
v1,v1,v0,v0,v12,v3,v0,v1,v0,v2,v0,v0,v1,v1,c1
v1,v1,v0,v1,v10,v3,v0,v1,v1,v1,v1,v1,v0,v1,c1
v1,v1,v0,v1,v2,v6,v0,v1,v1,v1,v1,v1,v0,v0,c1
v0,v1,v1,v1,v13,v3,v0,v1,v1,v1,v0,v1,v0,v0,c1
v1,v0,v0,v1,v11,v3,v1,v1,v0,v2,v1,v1,v0,v1,c1
v1,v0,v0,v1,v11,v3,v0,v1,v1,v1,v0,v1,v0,v0,c1
v0,v1,v0,v1,v8,v3,v1,v1,v0,v2,v1,v1,v1,v1,c1
v0,v1,v0,v1,v12,v6,v0,v1,v0,v2,v0,v1,v0,v1,c1
v0,v1,v1,v1,v2,v6,v0,v1,v0,v2,v0,v1,v0,v0,c1
v1,v1,v1,v0,v5,v3,v1,v1,v1,v0,v1,v1,v0,v1,c1
v1,v1,v1,v1,v12,v3,v0,v1,v1,v1,v1,v1,v0,v0,c1
v0,v1,v0,v1,v2,v6,v0,v1,v1,v0,v0,v1,v1,v0,c1
v1,v1,v0,v1,v10,v3,v0,v1,v1,v0,v0,v1,v1,v0,c1
v0,v1,v0,v1,v4,v3,v1,v1,v0,v2,v0,v1,v1,v0,c1
v1,v1,v1,v1,v5,v3,v0,v1,v1,v1,v1,v1,v0,v0,c1
v1,v1,v1,v0,v10,v3,v0,v1,v1,v1,v1,v1,v0,v0,c1
v0,v1,v1,v2,v4,v0,v0,v0,v0,v2,v1,v0,v0,v1,c1
v1,v0,v0,v1,v10,v4,v0,v1,v1,v0,v0,v1,v1,v0,c1
v1,v0,v0,v1,v1,v7,v0,v1,v1,v0,v1,v1,v1,v1,c1
v1,v0,v1,v1,v13,v3,v0,v1,v1,v1,v1,v1,v1,v1,c1
v1,v0,v0,v1,v2,v6,v0,v1,v0,v2,v1,v1,v1,v1,c1
v0,v0,v1,v1,v12,v3,v1,v0,v0,v2,v0,v2,v0,v1,c1
v1,v1,v1,v1,v12,v6,v0,v0,v0,v2,v1,v1,v0,v1,c1
v1,v1,v1,v0,v11,v4,v1,v0,v0,v2,v1,v0,v0,v1,c1
v1,v0,v0,v1,v0,v0,v1,v1,v0,v2,v1,v1,v1,v1,c1
v0,v1,v0,v1,v2,v3,v0,v1,v1,v1,v0,v1,v1,v0,c1
v0,v1,v1,v1,v7,v4,v1,v1,v1,v1,v0,v0,v1,v1,c1
v1,v1,v0,v1,v10,v3,v0,v1,v1,v1,v0,v1,v1,v1,c1
v1,v1,v1,v1,v12,v3,v0,v1,v1,v1,v1,v1,v1,v0,c1
v0,v0,v0,v1,v12,v3,v0,v1,v1,v1,v0,v1,v1,v0,c1
v1,v1,v0,v1,v12,v3,v0,v1,v0,v2,v1,v1,v1,v1,c1
v1,v1,v1,v1,v12,v4,v1,v1,v0,v2,v0,v1,v0,v1,c1
v1,v1,v0,v1,v2,v3,v0,v1,v1,v1,v1,v1,v0,v0,c1
v0,v0,v0,v1,v7,v4,v0,v1,v1,v1,v0,v1,v1,v0,c1
v0,v0,v0,v1,v8,v6,v0,v1,v0,v2,v1,v1,v1,v1,c1
v1,v1,v0,v0,v13,v3,v1,v1,v0,v2,v1,v1,v0,v1,c1
v0,v1,v1,v1,v5,v6,v0,v1,v0,v2,v1,v1,v0,v0,c1
v1,v0,v1,v1,v5,v6,v1,v1,v0,v2,v0,v1,v1,v0,c1
v1,v1,v1,v1,v7,v3,v0,v1,v1,v0,v0,v1,v0,v1,c1
v0,v0,v1,v1,v2,v6,v0,v1,v1,v0,v0,v1,v0,v0,c1
v0,v1,v0,v1,v12,v3,v0,v1,v1,v0,v0,v1,v0,v1,c1
v1,v1,v1,v1,v4,v3,v1,v1,v1,v1,v0,v1,v1,v0,c1
v1,v0,v0,v1,v12,v6,v0,v1,v1,v1,v0,v1,v0,v0,c1
v0,v1,v0,v1,v5,v6,v0,v1,v1,v0,v0,v1,v0,v1,c1
v1,v1,v1,v1,v12,v3,v1,v0,v0,v2,v0,v1,v0,v1,c1
v1,v1,v1,v1,v12,v6,v0,v1,v1,v1,v1,v1,v0,v1,c1
v1,v1,v0,v0,v8,v3,v1,v1,v1,v1,v1,v1,v0,v1,c1
v0,v1,v0,v1,v2,v6,v0,v1,v1,v1,v0,v1,v1,v0,c1
v1,v1,v1,v0,v7,v4,v0,v1,v1,v1,v1,v1,v0,v1,c1
v1,v1,v0,v1,v12,v3,v1,v1,v1,v1,v0,v1,v1,v1,c1
v1,v1,v0,v1,v13,v3,v0,v1,v0,v2,v1,v1,v1,v1,c1
v1,v1,v1,v0,v6,v3,v0,v1,v1,v1,v1,v1,v0,v1,c1
v0,v1,v0,v0,v5,v3,v0,v0,v0,v2,v0,v1,v0,v1,c1
v1,v1,v1,v1,v12,v3,v1,v0,v0,v2,v0,v1,v1,v1,c1
v0,v1,v0,v1,v10,v3,v1,v1,v0,v2,v0,v1,v0,v1,c1
v0,v1,v0,v1,v12,v6,v1,v1,v1,v1,v0,v1,v1,v0,c1
v0,v1,v0,v1,v4,v6,v1,v1,v1,v0,v1,v1,v1,v1,c1
v1,v1,v0,v1,v2,v6,v0,v1,v1,v1,v0,v1,v0,v1,c1
v1,v1,v0,v1,v2,v6,v0,v1,v0,v2,v1,v1,v0,v1,c1
v0,v1,v0,v1,v5,v6,v1,v1,v1,v0,v1,v1,v0,v0,c1
v1,v1,v1,v1,v12,v6,v0,v1,v0,v2,v0,v1,v0,v1,c1
v1,v0,v0,v1,v13,v6,v0,v1,v1,v1,v0,v1,v1,v0,c1
v1,v1,v1,v1,v12,v3,v1,v0,v0,v2,v0,v2,v0,v1,c1
v1,v1,v1,v0,v13,v3,v0,v1,v1,v0,v1,v1,v0,v0,c1
v1,v0,v0,v1,v0,v0,v0,v1,v1,v1,v1,v1,v1,v0,c1
v0,v1,v1,v1,v12,v3,v0,v1,v1,v1,v0,v1,v1,v1,c1
v1,v1,v1,v1,v11,v3,v0,v1,v1,v1,v0,v1,v0,v1,c1
v0,v1,v1,v1,v12,v3,v1,v0,v0,v2,v0,v2,v0,v1,c1
v1,v1,v0,v1,v12,v3,v0,v1,v1,v1,v1,v1,v1,v1,c1
v1,v1,v0,v1,v5,v3,v1,v1,v1,v1,v0,v1,v1,v1,c1
v0,v0,v0,v1,v9,v0,v1,v1,v1,v1,v0,v1,v1,v1,c1
v1,v1,v0,v1,v11,v6,v0,v1,v1,v1,v1,v1,v1,v1,c1
v0,v1,v0,v1,v2,v3,v0,v1,v1,v1,v0,v1,v0,v0,c1
v0,v1,v1,v1,v5,v6,v1,v1,v0,v2,v0,v1,v0,v1,c1
v1,v1,v1,v1,v13,v6,v1,v1,v1,v0,v0,v1,v0,v1,c1
v1,v1,v1,v0,v13,v3,v1,v1,v1,v0,v0,v1,v1,v0,c1
v1,v1,v1,v1,v13,v3,v0,v1,v1,v0,v0,v1,v0,v1,c1
v0,v1,v1,v0,v5,v6,v0,v1,v1,v0,v0,v1,v1,v1,c1
v0,v1,v1,v1,v4,v3,v1,v0,v0,v2,v0,v1,v0,v1,c1
v0,v0,v0,v1,v2,v6,v0,v1,v0,v2,v0,v1,v1,v0,c1
v0,v1,v1,v0,v10,v3,v1,v1,v0,v2,v1,v1,v0,v1,c1
v1,v0,v1,v1,v12,v4,v0,v1,v1,v1,v0,v1,v1,v0,c1
v1,v1,v0,v1,v2,v6,v0,v1,v0,v2,v0,v1,v0,v1,c1
v1,v0,v1,v1,v1,v3,v1,v0,v1,v0,v0,v0,v0,v1,c1
v0,v1,v0,v1,v2,v6,v0,v1,v1,v0,v0,v1,v1,v1,c1
v0,v1,v1,v1,v12,v6,v1,v1,v0,v2,v1,v1,v0,v1,c1
v1,v1,v1,v1,v4,v6,v0,v1,v1,v1,v1,v1,v0,v0,c1
v1,v1,v1,v1,v8,v3,v1,v1,v0,v2,v1,v1,v0,v1,c1
v0,v0,v0,v1,v2,v3,v1,v1,v1,v1,v1,v1,v0,v1,c1
v1,v0,v1,v0,v4,v6,v0,v1,v1,v1,v0,v1,v0,v1,c1
v1,v0,v1,v0,v10,v3,v1,v1,v1,v1,v0,v1,v0,v0,c1
v1,v1,v0,v1,v5,v6,v0,v1,v1,v0,v1,v1,v0,v0,c1
v0,v1,v1,v1,v2,v6,v1,v1,v1,v1,v0,v1,v1,v1,c1
v1,v1,v1,v1,v5,v3,v0,v1,v1,v1,v1,v1,v0,v0,c1
v0,v1,v0,v1,v12,v4,v0,v1,v1,v0,v0,v1,v1,v1,c1
v1,v0,v0,v1,v1,v7,v0,v1,v1,v0,v1,v1,v1,v1,c1
v1,v1,v1,v1,v11,v3,v1,v1,v1,v1,v0,v1,v0,v0,c1
v1,v0,v0,v1,v6,v4,v0,v1,v1,v1,v1,v1,v1,v1,c1
v0,v0,v1,v1,v7,v4,v0,v1,v0,v2,v1,v1,v1,v1,c1
v1,v1,v1,v0,v5,v3,v0,v1,v1,v1,v1,v1,v0,v1,c1
v1,v0,v1,v1,v2,v6,v0,v1,v1,v1,v0,v1,v1,v1,c1
v1,v1,v1,v1,v5,v3,v0,v1,v1,v0,v1,v1,v0,v1,c1
v1,v1,v1,v1,v13,v3,v0,v0,v0,v2,v0,v1,v0,v1,c1
v0,v1,v0,v1,v2,v3,v0,v1,v1,v1,v0,v1,v0,v1,c1
v0,v1,v0,v1,v2,v3,v1,v1,v0,v2,v1,v1,v0,v1,c1
v1,v1,v1,v1,v12,v2,v0,v0,v0,v2,v1,v0,v1,v1,c1
v1,v1,v0,v1,v10,v3,v0,v1,v0,v2,v1,v0,v1,v1,c1
v0,v1,v0,v0,v1,v7,v1,v1,v0,v2,v0,v1,v1,v0,c1
v1,v1,v0,v1,v2,v3,v1,v1,v0,v2,v1,v1,v1,v1,c1
v1,v1,v1,v0,v11,v4,v1,v1,v1,v0,v1,v1,v0,v0,c1
v1,v1,v0,v0,v13,v6,v0,v1,v0,v2,v1,v1,v0,v1,c1
v1,v1,v1,v0,v4,v3,v1,v1,v1,v0,v0,v1,v0,v0,c1
v1,v0,v0,v1,v8,v3,v0,v1,v1,v1,v0,v1,v1,v0,c1
v1,v1,v0,v1,v5,v6,v0,v1,v1,v1,v1,v1,v1,v0,c1
v1,v1,v1,v1,v5,v3,v1,v1,v1,v1,v1,v1,v0,v0,c1
v1,v0,v0,v1,v13,v3,v0,v1,v1,v1,v1,v1,v1,v1,c1
v0,v1,v1,v1,v12,v6,v0,v1,v1,v0,v0,v1,v0,v1,c1
v0,v0,v0,v1,v2,v3,v0,v1,v1,v1,v1,v1,v1,v1,c1
v0,v1,v0,v1,v4,v6,v0,v1,v1,v1,v0,v1,v0,v1,c1
v1,v1,v1,v0,v12,v6,v0,v1,v0,v2,v0,v1,v1,v1,c1
v0,v0,v1,v1,v12,v3,v0,v1,v0,v2,v0,v1,v1,v1,c1
v0,v1,v1,v1,v4,v6,v1,v1,v1,v1,v1,v1,v0,v1,c1
v1,v1,v1,v1,v2,v3,v0,v1,v1,v1,v1,v1,v1,v0,c1
v1,v1,v1,v0,v1,v6,v1,v1,v0,v2,v1,v1,v0,v1,c1
v1,v1,v1,v0,v12,v3,v1,v1,v1,v1,v1,v1,v0,v0,c1
v1,v0,v0,v1,v12,v4,v0,v1,v1,v1,v0,v1,v0,v0,c1
v1,v1,v1,v1,v8,v3,v0,v1,v1,v1,v0,v1,v0,v0,c1
v1,v1,v1,v1,v13,v3,v1,v1,v0,v2,v1,v1,v0,v1,c1
v1,v0,v0,v1,v4,v6,v0,v1,v1,v1,v1,v1,v0,v1,c1
